Mineral_name,Formula,Reference
Dickite,Si₂ Al₂ O₉ H₄,"Bish D. L., Johnston C. T., Rietveld refinement and Fourier-transform infrared spectroscopic study of the dickite structure at low temperature Note: Sample at T = 12 K, Clays and Clay Minerals, 41, 297–304 (1993)."
Rinneite,K₃ Na Fe Cl₆,"Figgis B. N., Sobolev A. N., Kucharski E. S., Broughton V., Rinneite, K3Na[FeCl6], at 293, 84 and 9.5 K Sample: T = 9.5 K, Acta Crystallographica, Section C, 56, e228–e229 (2000)."
Perovskite,Ca Ti O₃,"Liu X., Liebermann R. C., X-ray powder diffraction study of CaTiO3 perovskite at high temperatures Sample: T = 1273 K, Physics and Chemistry of Minerals, 20, 171–175 (1993)."
Pertoldite,Ge O₂,"Yamanaka T., Ogata K., Structure refinement of GeO2 polymorphs at high pressures and temperatures by energy-dispersive spectra of powder diffraction Note: P = 0.0001 GPa T = 293 K, Journal of Applied Crystallography, 24, 111–118 (1991)."
Borax,Na₂ B₄ O₁₇ H₂₀,"Gainsford G. J., Kemmitt T., Higham C., Redetermination of the borax structure from laboratory X-ray data at 145 K Note T = 145 K, Acta Crystallographica, Section E, 64, i24–i25 (2008)."
Stillwellite-(La),La B Si O₅,"Belokoneva E. L., Shuvaeva V. A., Antipin M. Yu., Leonyuk N. I., Crystal structure of a high-temperature modification of LaBSiO5, a synthetic analog of stillwellite Note: T = 273 K, Zhurnal Neorganicheskoi Khimii, 41, 1097–1101 (1996)."
Tuite,Ca₃ P₂ O₈,"Thompson R. M., Xie X., Zhai S., Downs R. T., Yang H., A comparison of the Ca3(PO4)2 and CaSiO3 systems, with a new structure refinement of tuite synthesized at 15 GPa and 1300 deg C, American Mineralogist, 98, 1585–1592 (2013)."
Sillimanite,Al₂ Si O₅,"Winter J. K., Ghose S., Thermal expansion and high-temperature crystal chemistry of the Al2SiO5 polymorphs T = 1000 deg C, American Mineralogist, 64, 573–586 (1979)."
Ilmenite,Fe Ti O₃,"Yamanaka T., Komatsu Y., Nomori H., Electron density distribution of FeTiO3 ilmenite under high pressure analyzed by MEM using single crystal diffraction intensities Sample: P = 8.2 GPa, Physics and Chemistry of Minerals, 34, 307–318 (2007)."
Phosphorus,P,"Crichton W. A., Mezouar M., Monaco G., Falconi S., Phosphorus: new in situ powder data from large-volume apparatus Sample: at P = 1.2 GPa and T = 1100 K, Powder Diffraction, 18, 155–158 (2003)."
Quartz,Si O₂,"Kihara K., An X-ray study of the temperature dependence of the quartz structure Sample: at T = 1012 K, European Journal of Mineralogy, 2, 63–77 (1990)."
Brucite,Mg O₂ H₂,"Mookherjee M., Stixrude L., High-pressure proton disorder in brucite Sample: P = 119.1 GPa Note: cell adjusted to match Figure 2, American Mineralogist, 91, 127–134 (2006)."
Caswellsilverite,Na Cr S₂,"Engelsman F. M. R., Wiegers G. A., Jellinek F., VanLaar B., Crystal structures and magnetic structures of some metal chromium(III) sulfides and selenides Sample: T = 4.2 K, Journal of Solid State Chemistry, 6, 574–582 (1973)."
Calcium-beta,Ca,"Wyckoff R. W. G., Second edition. Interscience Publishers, New York, New York Sample at T = 450 C Hexagonal closest packed, hcp, structure, Crystal Structures, 1, 7–83 (1963)."
Lime,Ca O,"Fiquet G., Richet P., Montagnac G., High-temperature thermal expansion of lime, periclase, corundum and spinel Sample: Re wire, T = 2973 K, Physics and Chemistry of Minerals, 27, 103–111 (1999)."
Modderite,Co As,"Lyman P. S., Prewitt C. T., Room- and high-pressure crystal chemistry of CoAs and FeAs Note: anisoB's taken from ICSD Sample: Pna2_1 refinement, P = .0001 GPa, Acta Crystallographica, Section B, 40, 14–20 (1984)."
Neon,Ne,"Hemley R. J., Zha C. S., Jephcoat A. P., Mao H. K., Finger L. W., Cox D. E., X-ray diffraction and equation of state of solid neon to 110 GPa Sample: at T = 300 K and P = 110.4 GPa, Physical Review, B39, 11820–11827 (1989)."
Tungsten,W,"Dubrovinsky L. S., Saxena S. K., Thermal expansion of periclase (MgO) and tungsten (W) to melting temperatures Sample: T = 3190 K, Physics and Chemistry of Minerals, 24, 547–550 (1997)."
Silicon,Si,"Olijnyk H., Sikka S. K., Holzapfel W. B., Structural phase transitions in Si and Ge under pressures up to 50 GPa Sample: at P = 43 GPa Note: phase VII, structure stable above 43 GPa, Physics Letters, 103A, 137–140 (1984)."
Tungsten,W,"Dubrovinsky L. S., Saxena S. K., Thermal expansion of periclase (MgO) and tungsten (W) to melting temperatures Sample: T = 3430 K, Physics and Chemistry of Minerals, 24, 547–550 (1997)."
Sodium,Na,"Barrett C. S., X-ray study of the alkali metals at low temperatures Sample: at T = 5 K Note: lattice parameters are average of 5 values, Acta Crystallographica, 9, 671–677 (1956)."
Girvasite,Na Ca₂ Mg₃ P₃ C O₂₁ H₁₂,"Krivovichev S. V., Chernyatieva A. P., Britvin S. N., Yakovenchuk V. N., The crystal structure of girvasite, NaCa2Mg3(PO4)3(CO3)(H2O)6, a complex phosphate-carbonate hydrate based upon electroneutral heteropolyhedral layers Note: T = 173 K, Russian Geology and Geophysics, 56, 155–163 (2015)."
Magnesite,Mg C O₃,"Fiquet G., Guyot F., Kunz M., Matas J., Andrault D., Hanfland M., Structural refinements of magnesite at very high pressure Sample: P = 71.2 GPa, American Mineralogist, 87, 1261–1265 (2002)."
Akermanite,Mg Si₂ Ca₂ O₇,"Merlini M., Gemmi M., Hanfland M., Crichton W., High-pressure behavior of akermanite and gehlenite and phase stability of the normal structures in melelites Note: P = 15.7 GPa, American Mineralogist, 94, 704–709 (2009)."
Megawite,Ca Sn O₃,"Zhao J., Ross N. L., Angel R. J., Tilting and distortion of CaSnO3 perovskite to 7 GPa determined from single-crystal X-ray diffraction Note: P = 6.73 GPa, Physics and Chemistry of Minerals, 31, 299–305 (2004)."
Hedenbergite,Si₂ Fe Ca O₆,"Cameron M., Sueno S., Prewitt C. T., Papike J. J., High-temperature crystal chemistry of acmite, diopside, hedenbergite, jadeite, spodumene, and ureyite T = 1000 C pyroxene, American Mineralogist, 58, 594–618 (1973)."
Urea,C H₄ N₂ O,"Swaminathan S., Craven B. M., The crystal structure and molecular thermal motion of urea at 12, 60 and 123 K from neutron diffraction Note: neutron data, T = 12 K, Acta Crystallographica, Section B, 40, 300–306 (1984)."
Blodite,Na₂ Mg S₂ O₁₂ H₈,"Comodi P., Nazzareni S., Balic-Zunic T., Zucchini A., Hanfland M., The high-pressure behavior of bloedite: A synchrotron single-crystal X-ray diffraction study Note: P = 10.0 GPa, American Mineralogist, 99, 511–518 (2014)."
Ahrensite,Fe₂ Si O₄,"Yamanaka T., Crystal structures of Ni2SiO4 and Fe2SiO4 as a function of temperature and heating duration Sample: T = 700 C, Physics and Chemistry of Minerals, 13, 227–232 (1986)."
Antimony,Sb,"Aoki K., Fujiwara S., Kusakabe M., New phase transition into the b.c.c structure in antimony at high pressure Sample: at P = 28 GPa Note: cell parameters from ICSD Note: phase known as Sb(IV), Solid State Communications, 45, 161–163 (1983)."
Helium,He,"Schuch A. F., Grilly E. R., Mills R. L., Structure of the alpha and beta forms of solid He Sample: at T = 1.9 K & P = .01 GPa Note: structure known as the alpha form, Physical Review, 110, 775–775 (1958)."
Beryllium,Be,"Gordon P., A high temperature precision X-ray camera: some measurements of the thermal coefficients of expansion of beryllium Sample: at T = 1004 C, Journal of Applied Physics, 20, 908–917 (1949)."
Aegirine,Na Fe Si₂ O₆,"McCarthy A. C., Downs R. T., Thompson R. M., Redhammer G. J., In situ high-pressure single-crystal X-ray study of aegirine, NaFe3+Si2O6, and the role of M1 size in clinopyroxene compressibility Note: Pressure = 10.82 GPa, American Mineralogist, 93, 1829–1837 (2008)."
Fluoro-richterite,Si₈ Mg₅ (Na₂ Ca₂) K₂ O₂₂ F₂,"Cameron M., Sueno S., Papike J. J., Prewitt C. T., High temperature crystal chemistry of K and Na fluor-richterites Note: sample K, T = 800 C, American Mineralogist, 68, 924–943 (1983)."
Danalite,Be₃ Si₃ O₁₂ Fe₄ S,"Antao S. M., Hassan I., Parise J. B., The structure of danalite at high temperature obtained from synchrotron radiation and Rietveld refinements Sample: T = 1035 degrees C, The Canadian Mineralogist, 41, 1413–1422 (2003)."
Dysprosium,Dy,"Wyckoff R. W. G., Second edition. Interscience Publishers, New York, New York Sample at T = 49 K Hexagonal closest packed, hcp, structure, Crystal Structures, 1, 7–83 (1963)."
Kalicinite,K D C O₃,"Thomas J. O., Tellgren R., Olovsson I., Hydrogen-bond studies. LXXXIV. An X-ray diffraction study of the structures of KHCO3 and KDCO3 at 298, 219 and 95 K Note: T = 95 K, Acta Crystallographica, Section B, 30, 1155–1166 (1974)."
Cubanite,Cu Fe₂ S₃,"McCammon C. A., Zhang J., Hazen R. M., Finger L. W., High-pressure crystal chemistry of cubanite, CuFe2S3 P = 3.6 GPa, American Mineralogist, 77, 937–944 (1992)."
Andradite,Si₃ Fe₂ Ca₃ O₁₂,"Hazen R. M., Finger L. W., High-pressure crystal chemistry of andradite and pyrope: Revised procedures for high-pressure diffraction experiments P = 12.5 GPa, American Mineralogist, 74, 352–359 (1989)."
Benitoite,Ba Ti Si₃ O₉,"Hejny C., Miletich R., Jasser A., Schouwink P., Crichton W., Kahlenberg V., Second-order P6c2-P31c transition and structural crystallography of the cyclosilicate benitoite, BaTiSi3O9, at high pressure Note: P = 6.14 GPa, American Mineralogist, 97, 1749–1763 (2012)."
Kalininite,Zn Cr₂ S₄,"Wittlinger J., Werner S., Schulz H., On the amorphisation of ZnCr2S4 spinel under high pressure: x-ray diffraction studies Sample: P = 7.19 GPa, Physics and Chemistry of Minerals, 24, 597–600 (1997)."
Rubidium,Rb,"Barrett C. S., X-ray study of the alkali metals at low temperatures Sample: at T = 5 K Note: lattice parameters are average of 3 values, Acta Crystallographica, 9, 671–677 (1956)."
Luogufengite,Fe₂ O₃,"Gich M., Frontera C., Roig A., Taboada E., Molins E., Rechenberg H. R., Ardisson J. D., Macedo W. A. A., Ritter C., Hardy V., Sort J., Skumryev V., Nogues J., High- and low-temperature crystal and magnetic structures of e-Fe2O3 and their correlation to its magnetic properties Note: T = 10 K, Chemistry of Materials, 18, 3889–3897 (2006)."
Litharge,Pb O,"Boher P., Garnier P., Gavarri J. R., Hewat A. W., Monoxyde quadratique PbO alpha(I): Description de la transition structurale ferroelastique Method: Neutron Diffraction T = 2 K, Journal of Solid State Chemistry, 57, 343–350 (1985)."
Berlinite,Al P O₄,"Muraoka Y., Kihara K., The temperature dependence of the crystal structure of berlinite, a quartz-type form of AlPO4 Sample: T = 631 C, Physics and Chemistry of Minerals, 24, 243–253 (1997)."
Bromellite,Be O,"Hazen R. M., Finger L. W., High-pressure and high-temperature crystal chemistry of beryllium oxide Note: T = 1183 K, Journal of Applied Physics, 59, 3728–3733 (1986)."
Aegirine,Si₂ Fe Na O₆,"Cameron M., Sueno S., Prewitt C. T., Papike J. J., High-temperature crystal chemistry of acmite, diopside, hedenbergite, jadeite, spodumene, and ureyite T = 800 C pyroxene, American Mineralogist, 58, 594–618 (1973)."
Cristobalite,Si O₂,"Pluth J. J., Smith J. V., Faber J., Crystal structure of low cristobalite at 10, 293, and 473 K: Variation of framework geometry with temperature Sample: T = 10 K, Journal of Applied Physics, 57, 1045–1049 (1985)."
Leonite,K₂ Mg S₂ O₁₂ H₈,"Hertweck B., Giester G., Libowitzky E., The crystal structures of the low-temperature phases of leonite-type compounds, K2Me(SO4)2.4H2O (Me=Mg,Mn,Fe) Sample: K2Mg(SO4)2.4H2O, T = 100 K, American Mineralogist, 86, 1282–1292 (2001)."
Reedmergnerite,Na B Si₃ O₈,"Downs R. T., Yang H., Hazen R. M., Finger L. W., Prewitt C. T., Compressibility mechanisms of alkali feldspars: New data from reedmergnerite Sample from Joseph Smith #1 mine, Duchesne Co., Utah,  NMNH 140 P = 4.68 GPa, American Mineralogist, 84, 333–340 (1999)."
Cesium,Cs,"Barrett C. S., X-ray study of the alkali metals at low temperatures Sample: at T = 5 K Note: lattice parameters are average of 4 values, Acta Crystallographica, 9, 671–677 (1956)."
Cuproiridsite,Cu Ir₂ S₄,"Furubayashi T., Matsumoto T., Hagino T., Nagata S., Structural and magnetic studies of metal-insulator transition in thiospinel CuIr2S4 Sample: T = 10 K, low temperature form, Journal of the Physical Society of Japan, 63, 3333–3339 (1994)."
Brushite,Ca P O₆ D₅,"Schofield P. F., Knight K. S., van der. Houwen. J. A. M., Valsami-Jones E., The role of hydrogen bonding in the thermal expansion and dehydration of brushite, di-calcium phosphate dihydrate Sample: T = 4.2 K, Physics and Chemistry of Minerals, 31, 606–624 (2004)."
Grossular,Ca₃ Al₂ Si₃ O₁₂,"Hazen R. M., Finger L. W., Crystal structures and compressibilities of pyrope and grossular to 60 kbar P = 1 bar, American Mineralogist, 63, 297–303 (1978)."
Stishovite,Si O₂,"Yamanaka T., Fukuda T., Tsuchiya J., Bonding character of SiO2 stishovite under high pressures up to 30 GPa Sample: P = 5.23 GPa, Physics and Chemistry of Minerals, 29, 633–641 (2002)."
Clinobisvanite,Bi V O₄,"Sleight A. W., Chen H-Y., Ferretti A., Cox D. E., Crystal growth and structure of BiVO4 Sample: T = 4.5 K, Materials Research Bulletin, 14, 1571–1581 (1979)."
Gillespite,Ba Fe Si₄ O₁₀,"Hazen R. M., Finger L. W., High-pressure and high-temperature crystallographic study of the gillespite I-II phase transition P = 1 bar, American Mineralogist, 68, 595–603 (1983)."
Meridianiite,Mg S O₁₅ D₂₂,"Fortes A. D., Wood I. G., Knight K. S., The crystal structure and thermal expansion tensor of MgSO4-11D2O (meridianiite) determined by neutron powder diffraction Note: T = 4.2 K, Physics and Chemistry of Minerals, 35, 207–221 (2008)."
Alabandite,Mn S,"McCammon C. A., Static compression of alpha-MnS at 298 K to 21 GPa Sample: Run #160, P = 21.1 GPa, Physics and Chemistry of Minerals, 17, 636–641 (1991)."
Westerveldite,Fe As,"Lyman P. S., Prewitt C. T., Room- and high-pressure crystal chemistry of CoAs and FeAs Note: anisoB's taken from ICSD Sample: P = 8.3 GPa, Acta Crystallographica, Section B, 40, 14–20 (1984)."
Crocoite,Pb Cr O₄,"Knight K. S., A high temperature structural phase transition in crocoite (PbCrO4) at 1068 K: crystal structure refinement at 1073 K and thermal expansion tensor determination at 1000 K Sample: the high temperature form at T = 1073 K, Mineralogical Magazine, 64, 291–300 (2000)."
Magnetite,Fe₃ O₄,"Fjellvag H., Hauback B. C., Vogt T., Stolen S., Monoclinic nearly stoichiometric wustite at low temperatures Sample: Kjeller, T = 8 K, American Mineralogist, 87, 347–349 (2002)."
Modderite,Co As,"Lyman P. S., Prewitt C. T., Room- and high-pressure crystal chemistry of CoAs and FeAs Note: anisoB's taken from ICSD Sample: P = 4.90 GPa, Acta Crystallographica, Section B, 40, 14–20 (1984)."
Neighborite,Na Mg F₃,"Martin C. D., Crichton W. A., Liu H., Prakapenka V., Chen J., Parise J. B., Rietveld structure refinement of perovskite and post-perovskite phases of NaMgF3 (neighborite) at high pressures Sample: (a), P = 27 GPa, American Mineralogist, 91, 1703–1706 (2006)."
Scandium,Sc,"Vohra Y. K., Grosshans W., Holzapfel W. B., High-pressure phase transformation in scandium Sample: at P = 33.5 GPa, Physical Review, B25, 6019–6021 (1982)."
Natrolite,Si₃ Al₂ Na₂ O₁₀,"Wang H., Bish D. L., A PH2O-dependent structural phase transition in the zeolite natrolite Sample: alpha1-metanatrolite Note: T = 400 C, P = 0.15 mbar, American Mineralogist, 93, 1191–1194 (2008)."
Behoite,Be O₂ D₂,"Jacobs H., Niemann A., Kockelmann W., Low temperature investigations of hydrogen bridge bonds in the hydroxides beta-Be(OH)2 and epsilon-Zn(OH)2 by Raman-spectroscopy as well as X-ray and neutron diffraction Sample: T = 5 K, Zeitschrift fur Anorganische und Allgemeine Chemie, 631, 1247–1254 (2005)."
Xifengite,Fe₅ Si₃,"Santamaria-Perez D., Nuss J., Haines J., Jansen M., Vegas A., Iron silicides and their corresponding oxides: a high-pressure study of Fe5Si3 Note: P = 30 GPa, Solid State Sciences, 6, 673–678 (2004)."
Argutite,Ge O₂,"Haines J., Leger J. M., Chateau C., Pereira A. S., Structural evolution of rutile-type and CaCl2-type germanium dioxide at high pressure Sample: rutile-type, P = 16.1 GPa, Physics and Chemistry of Minerals, 27, 575–582 (2000)."
Diopside,Mg Ca Si₂ O₆,"Thompson R. M., Downs R. T., The crystal structure of diopside at pressure to 10 GPa Sample: P = 8.88 GPa, American Mineralogist, 93, 177–186 (2008)."
Kaolinite,Al₂ Si₂ O₉ H₄,"Bish D. L., Rietveld refinement of the kaolinite structure at 1.5 K Note: sample at T = 1.5 K, Clays and Clay Minerals, 41, 738–744 (1993)."
Iron,Fe,"Nishihara Y., Nakajima Y., Akashi A., Tsujino N., Takahashi E., Funakoshi K., Higo Y., Isothermal compression of face-centered cubic iron Note: gamma iron, Sample M605, P = 27.44 GPa, T = 1273 K, American Mineralogist, 97, 1417–1420 (2012)."
Titanium-beta,Ti,"Wyckoff R. W. G., Second edition. Interscience Publishers, New York, New York Sample at T = 1173 K Body centered cubic, bcc, structure, Crystal Structures, 1, 7–83 (1963)."
Titanium,Ti,"Chebotareva E. S., Nuzhdina S. G., Observation of omega-titanium in a composite hard facing alloy based on fine-grain diamonds Sample: at P = 4 GPa, known as the omega phase, Fizika Metallov i Metallovedenie, 36, 200–202 (1973)."